"PA","Time","total","change"
"ANG MO KIO",2001,176730,-4650
"ANG MO KIO",2002,174310,-2420
"ANG MO KIO",2003,170660,-3650
"ANG MO KIO",2004,169770,-890
"ANG MO KIO",2005,170120,350
"ANG MO KIO",2006,171790,1670
"ANG MO KIO",2007,173360,1570
"ANG MO KIO",2008,175840,2480
"ANG MO KIO",2009,179970,4130
"ANG MO KIO",2010,179920,-50
"ANG MO KIO",2011,179510,-410
"ANG MO KIO",2012,179850,340
"ANG MO KIO",2013,179590,-260
"ANG MO KIO",2014,178890,-700
"ANG MO KIO",2015,175660,-3230
"ANG MO KIO",2016,171460,-4200
"ANG MO KIO",2017,167810,-3650
"ANG MO KIO",2018,166580,-1230
"ANG MO KIO",2019,164970,-1610
"ANG MO KIO",2020,163460,-1510
"ANG MO KIO",2021,160030,-3430
"ANG MO KIO",2022,161900,1870
"ANG MO KIO",2023,161910,10
"BEDOK",2001,285620,-140
"BEDOK",2002,285850,230
"BEDOK",2003,279600,-6250
"BEDOK",2004,279660,60
"BEDOK",2005,280700,1040
"BEDOK",2006,282150,1450
"BEDOK",2007,284810,2660
"BEDOK",2008,286590,1780
"BEDOK",2009,292810,6220
"BEDOK",2010,295160,2350
"BEDOK",2011,296240,1080
"BEDOK",2012,295870,-370
"BEDOK",2013,294570,-1300
"BEDOK",2014,293960,-610
"BEDOK",2015,290570,-3390
"BEDOK",2016,287660,-2910
"BEDOK",2017,285680,-1980
"BEDOK",2018,281870,-3810
"BEDOK",2019,280190,-1680
"BEDOK",2020,277650,-2540
"BEDOK",2021,272660,-4990
"BEDOK",2022,278970,6310
"BEDOK",2023,280230,1260
"BISHAN",2001,89340,-950
"BISHAN",2002,88790,-550
"BISHAN",2003,86100,-2690
"BISHAN",2004,86940,840
"BISHAN",2005,87990,1050
"BISHAN",2006,89080,1090
"BISHAN",2007,89910,830
"BISHAN",2008,90410,500
"BISHAN",2009,91420,1010
"BISHAN",2010,91460,40
"BISHAN",2011,90990,-470
"BISHAN",2012,92920,1930
"BISHAN",2013,93080,160
"BISHAN",2014,92280,-800
"BISHAN",2015,90980,-1300
"BISHAN",2016,90370,-610
"BISHAN",2017,90450,80
"BISHAN",2018,88740,-1710
"BISHAN",2019,88230,-510
"BISHAN",2020,87580,-650
"BISHAN",2021,84740,-2840
"BISHAN",2022,85940,1200
"BISHAN",2023,88340,2400
"BOON LAY",2001,0,NA
"BOON LAY",2002,0,0
"BOON LAY",2003,0,0
"BOON LAY",2004,0,0
"BOON LAY",2005,0,0
"BOON LAY",2006,0,0
"BOON LAY",2007,0,0
"BOON LAY",2008,0,0
"BOON LAY",2009,0,0
"BOON LAY",2010,0,0
"BOON LAY",2011,0,0
"BOON LAY",2012,0,0
"BOON LAY",2013,0,0
"BOON LAY",2014,0,0
"BOON LAY",2015,0,0
"BOON LAY",2016,0,0
"BOON LAY",2017,0,0
"BOON LAY",2018,0,0
"BOON LAY",2019,0,0
"BOON LAY",2020,0,0
"BOON LAY",2021,0,0
"BOON LAY",2022,0,0
"BOON LAY",2023,0,0
"BUKIT BATOK",2001,127620,230
"BUKIT BATOK",2002,129920,2300
"BUKIT BATOK",2003,130670,750
"BUKIT BATOK",2004,133240,2570
"BUKIT BATOK",2005,135970,2730
"BUKIT BATOK",2006,138970,3000
"BUKIT BATOK",2007,141140,2170
"BUKIT BATOK",2008,142220,1080
"BUKIT BATOK",2009,145180,2960
"BUKIT BATOK",2010,144900,-280
"BUKIT BATOK",2011,143910,-990
"BUKIT BATOK",2012,143310,-600
"BUKIT BATOK",2013,143020,-290
"BUKIT BATOK",2014,142250,-770
"BUKIT BATOK",2015,140000,-2250
"BUKIT BATOK",2016,138850,-1150
"BUKIT BATOK",2017,139100,250
"BUKIT BATOK",2018,145050,5950
"BUKIT BATOK",2019,154590,9540
"BUKIT BATOK",2020,158880,4290
"BUKIT BATOK",2021,161040,2160
"BUKIT BATOK",2022,165280,4240
"BUKIT BATOK",2023,169360,4080
"BUKIT MERAH",2001,146450,-2880
"BUKIT MERAH",2002,145750,-700
"BUKIT MERAH",2003,142170,-3580
"BUKIT MERAH",2004,142620,450
"BUKIT MERAH",2005,143530,910
"BUKIT MERAH",2006,147710,4180
"BUKIT MERAH",2007,151250,3540
"BUKIT MERAH",2008,154310,3060
"BUKIT MERAH",2009,157770,3460
"BUKIT MERAH",2010,158280,510
"BUKIT MERAH",2011,157420,-860
"BUKIT MERAH",2012,158220,800
"BUKIT MERAH",2013,157330,-890
"BUKIT MERAH",2014,157970,640
"BUKIT MERAH",2015,157090,-880
"BUKIT MERAH",2016,155750,-1340
"BUKIT MERAH",2017,154020,-1730
"BUKIT MERAH",2018,153460,-560
"BUKIT MERAH",2019,153540,80
"BUKIT MERAH",2020,152790,-750
"BUKIT MERAH",2021,149350,-3440
"BUKIT MERAH",2022,150630,1280
"BUKIT MERAH",2023,150840,210
"BUKIT PANJANG",2001,107630,10660
"BUKIT PANJANG",2002,112740,5110
"BUKIT PANJANG",2003,114720,1980
"BUKIT PANJANG",2004,118120,3400
"BUKIT PANJANG",2005,120420,2300
"BUKIT PANJANG",2006,121370,950
"BUKIT PANJANG",2007,123100,1730
"BUKIT PANJANG",2008,125320,2220
"BUKIT PANJANG",2009,128110,2790
"BUKIT PANJANG",2010,129530,1420
"BUKIT PANJANG",2011,130050,520
"BUKIT PANJANG",2012,131450,1400
"BUKIT PANJANG",2013,132170,720
"BUKIT PANJANG",2014,133800,1630
"BUKIT PANJANG",2015,139610,5810
"BUKIT PANJANG",2016,142060,2450
"BUKIT PANJANG",2017,142420,360
"BUKIT PANJANG",2018,141340,-1080
"BUKIT PANJANG",2019,139930,-1410
"BUKIT PANJANG",2020,138860,-1070
"BUKIT PANJANG",2021,135210,-3650
"BUKIT PANJANG",2022,137730,2520
"BUKIT PANJANG",2023,139580,1850
"BUKIT TIMAH",2001,66590,1510
"BUKIT TIMAH",2002,67310,720
"BUKIT TIMAH",2003,64700,-2610
"BUKIT TIMAH",2004,66400,1700
"BUKIT TIMAH",2005,68190,1790
"BUKIT TIMAH",2006,70420,2230
"BUKIT TIMAH",2007,71850,1430
"BUKIT TIMAH",2008,70090,-1760
"BUKIT TIMAH",2009,69890,-200
"BUKIT TIMAH",2010,70920,1030
"BUKIT TIMAH",2011,71220,300
"BUKIT TIMAH",2012,72770,1550
"BUKIT TIMAH",2013,73620,850
"BUKIT TIMAH",2014,74330,710
"BUKIT TIMAH",2015,75270,940
"BUKIT TIMAH",2016,76450,1180
"BUKIT TIMAH",2017,77140,690
"BUKIT TIMAH",2018,78080,940
"BUKIT TIMAH",2019,78100,20
"BUKIT TIMAH",2020,78760,660
"BUKIT TIMAH",2021,76720,-2040
"BUKIT TIMAH",2022,79940,3220
"BUKIT TIMAH",2023,82830,2890
"CENTRAL WATER CATCHMENT",2001,0,0
"CENTRAL WATER CATCHMENT",2002,0,0
"CENTRAL WATER CATCHMENT",2003,0,0
"CENTRAL WATER CATCHMENT",2004,0,0
"CENTRAL WATER CATCHMENT",2005,0,0
"CENTRAL WATER CATCHMENT",2006,0,0
"CENTRAL WATER CATCHMENT",2007,0,0
"CENTRAL WATER CATCHMENT",2008,0,0
"CENTRAL WATER CATCHMENT",2009,0,0
"CENTRAL WATER CATCHMENT",2010,0,0
"CENTRAL WATER CATCHMENT",2011,0,0
"CENTRAL WATER CATCHMENT",2012,0,0
"CENTRAL WATER CATCHMENT",2013,0,0
"CENTRAL WATER CATCHMENT",2014,0,0
"CENTRAL WATER CATCHMENT",2015,0,0
"CENTRAL WATER CATCHMENT",2016,0,0
"CENTRAL WATER CATCHMENT",2017,0,0
"CENTRAL WATER CATCHMENT",2018,0,0
"CENTRAL WATER CATCHMENT",2019,0,0
"CENTRAL WATER CATCHMENT",2020,0,0
"CENTRAL WATER CATCHMENT",2021,0,0
"CENTRAL WATER CATCHMENT",2022,0,0
"CENTRAL WATER CATCHMENT",2023,0,0
"CHANGI",2001,950,20
"CHANGI",2002,920,-30
"CHANGI",2003,1200,280
"CHANGI",2004,1240,40
"CHANGI",2005,1270,30
"CHANGI",2006,1360,90
"CHANGI",2007,1390,30
"CHANGI",2008,1500,110
"CHANGI",2009,1760,260
"CHANGI",2010,2090,330
"CHANGI",2011,2400,310
"CHANGI",2012,2390,-10
"CHANGI",2013,2400,10
"CHANGI",2014,2360,-40
"CHANGI",2015,2480,120
"CHANGI",2016,2390,-90
"CHANGI",2017,2110,-280
"CHANGI",2018,2060,-50
"CHANGI",2019,1680,-380
"CHANGI",2020,1710,30
"CHANGI",2021,1780,70
"CHANGI",2022,1640,-140
"CHANGI",2023,1700,60
"CHANGI BAY",2001,0,0
"CHANGI BAY",2002,0,0
"CHANGI BAY",2003,0,0
"CHANGI BAY",2004,0,0
"CHANGI BAY",2005,0,0
"CHANGI BAY",2006,0,0
"CHANGI BAY",2007,0,0
"CHANGI BAY",2008,0,0
"CHANGI BAY",2009,0,0
"CHANGI BAY",2010,0,0
"CHANGI BAY",2011,0,0
"CHANGI BAY",2012,0,0
"CHANGI BAY",2013,0,0
"CHANGI BAY",2014,0,0
"CHANGI BAY",2015,0,0
"CHANGI BAY",2016,0,0
"CHANGI BAY",2017,0,0
"CHANGI BAY",2018,0,0
"CHANGI BAY",2019,0,0
"CHANGI BAY",2020,0,0
"CHANGI BAY",2021,0,0
"CHANGI BAY",2022,0,0
"CHANGI BAY",2023,0,0
"CHOA CHU KANG",2001,146160,8960
"CHOA CHU KANG",2002,152860,6700
"CHOA CHU KANG",2003,155770,2910
"CHOA CHU KANG",2004,158480,2710
"CHOA CHU KANG",2005,161860,3380
"CHOA CHU KANG",2006,164350,2490
"CHOA CHU KANG",2007,166850,2500
"CHOA CHU KANG",2008,169020,2170
"CHOA CHU KANG",2009,172330,3310
"CHOA CHU KANG",2010,173990,1660
"CHOA CHU KANG",2011,174380,390
"CHOA CHU KANG",2012,174740,360
"CHOA CHU KANG",2013,175400,660
"CHOA CHU KANG",2014,175920,520
"CHOA CHU KANG",2015,174920,-1000
"CHOA CHU KANG",2016,179510,4590
"CHOA CHU KANG",2017,187050,7540
"CHOA CHU KANG",2018,188130,1080
"CHOA CHU KANG",2019,191440,3310
"CHOA CHU KANG",2020,192640,1200
"CHOA CHU KANG",2021,189670,-2970
"CHOA CHU KANG",2022,190780,1110
"CHOA CHU KANG",2023,192110,1330
"CLEMENTI",2001,88180,-3280
"CLEMENTI",2002,88500,320
"CLEMENTI",2003,86380,-2120
"CLEMENTI",2004,86280,-100
"CLEMENTI",2005,86520,240
"CLEMENTI",2006,87170,650
"CLEMENTI",2007,87730,560
"CLEMENTI",2008,88560,830
"CLEMENTI",2009,91540,2980
"CLEMENTI",2010,92600,1060
"CLEMENTI",2011,92260,-340
"CLEMENTI",2012,91920,-340
"CLEMENTI",2013,91980,60
"CLEMENTI",2014,91700,-280
"CLEMENTI",2015,92200,500
"CLEMENTI",2016,92310,110
"CLEMENTI",2017,93280,970
"CLEMENTI",2018,93380,100
"CLEMENTI",2019,92880,-500
"CLEMENTI",2020,92410,-470
"CLEMENTI",2021,91480,-930
"CLEMENTI",2022,94330,2850
"CLEMENTI",2023,98710,4380
"DOWNTOWN CORE",2001,3180,-1130
"DOWNTOWN CORE",2002,3150,-30
"DOWNTOWN CORE",2003,3020,-130
"DOWNTOWN CORE",2004,2910,-110
"DOWNTOWN CORE",2005,2880,-30
"DOWNTOWN CORE",2006,2940,60
"DOWNTOWN CORE",2007,2940,0
"DOWNTOWN CORE",2008,2960,20
"DOWNTOWN CORE",2009,3100,140
"DOWNTOWN CORE",2010,3250,150
"DOWNTOWN CORE",2011,3280,30
"DOWNTOWN CORE",2012,3280,0
"DOWNTOWN CORE",2013,3270,-10
"DOWNTOWN CORE",2014,3410,140
"DOWNTOWN CORE",2015,3300,-110
"DOWNTOWN CORE",2016,3250,-50
"DOWNTOWN CORE",2017,1920,-1330
"DOWNTOWN CORE",2018,2110,190
"DOWNTOWN CORE",2019,2280,170
"DOWNTOWN CORE",2020,2550,270
"DOWNTOWN CORE",2021,2720,170
"DOWNTOWN CORE",2022,3570,850
"DOWNTOWN CORE",2023,3810,240
"GEYLANG",2001,116640,-2620
"GEYLANG",2002,115500,-1140
"GEYLANG",2003,112690,-2810
"GEYLANG",2004,112360,-330
"GEYLANG",2005,113520,1160
"GEYLANG",2006,115020,1500
"GEYLANG",2007,117410,2390
"GEYLANG",2008,118720,1310
"GEYLANG",2009,120260,1540
"GEYLANG",2010,120940,680
"GEYLANG",2011,120460,-480
"GEYLANG",2012,119600,-860
"GEYLANG",2013,119790,190
"GEYLANG",2014,119500,-290
"GEYLANG",2015,117130,-2370
"GEYLANG",2016,116180,-950
"GEYLANG",2017,113890,-2290
"GEYLANG",2018,111860,-2030
"GEYLANG",2019,110460,-1400
"GEYLANG",2020,110400,-60
"GEYLANG",2021,107880,-2520
"GEYLANG",2022,109500,1620
"GEYLANG",2023,114970,5470
"HOUGANG",2001,205520,1050
"HOUGANG",2002,206490,970
"HOUGANG",2003,204620,-1870
"HOUGANG",2004,205770,1150
"HOUGANG",2005,207100,1330
"HOUGANG",2006,208870,1770
"HOUGANG",2007,210850,1980
"HOUGANG",2008,213960,3110
"HOUGANG",2009,217080,3120
"HOUGANG",2010,217010,-70
"HOUGANG",2011,217870,860
"HOUGANG",2012,218240,370
"HOUGANG",2013,218710,470
"HOUGANG",2014,220200,1490
"HOUGANG",2015,223060,2860
"HOUGANG",2016,223660,600
"HOUGANG",2017,225170,1510
"HOUGANG",2018,223740,-1430
"HOUGANG",2019,227120,3380
"HOUGANG",2020,228150,1030
"HOUGANG",2021,225570,-2580
"HOUGANG",2022,227610,2040
"HOUGANG",2023,228340,730
"JURONG EAST",2001,88430,-1000
"JURONG EAST",2002,88820,390
"JURONG EAST",2003,86820,-2000
"JURONG EAST",2004,86310,-510
"JURONG EAST",2005,86600,290
"JURONG EAST",2006,86620,20
"JURONG EAST",2007,87030,410
"JURONG EAST",2008,87340,310
"JURONG EAST",2009,88970,1630
"JURONG EAST",2010,88640,-330
"JURONG EAST",2011,87460,-1180
"JURONG EAST",2012,87000,-460
"JURONG EAST",2013,87240,240
"JURONG EAST",2014,86910,-330
"JURONG EAST",2015,85480,-1430
"JURONG EAST",2016,85050,-430
"JURONG EAST",2017,83680,-1370
"JURONG EAST",2018,81410,-2270
"JURONG EAST",2019,79490,-1920
"JURONG EAST",2020,78770,-720
"JURONG EAST",2021,76010,-2760
"JURONG EAST",2022,76800,790
"JURONG EAST",2023,76490,-310
"JURONG WEST",2001,217390,12440
"JURONG WEST",2002,224780,7390
"JURONG WEST",2003,226520,1740
"JURONG WEST",2004,230070,3550
"JURONG WEST",2005,234570,4500
"JURONG WEST",2006,238840,4270
"JURONG WEST",2007,244210,5370
"JURONG WEST",2008,253750,9540
"JURONG WEST",2009,264590,10840
"JURONG WEST",2010,268080,3490
"JURONG WEST",2011,270630,2550
"JURONG WEST",2012,272470,1840
"JURONG WEST",2013,271860,-610
"JURONG WEST",2014,272390,530
"JURONG WEST",2015,273090,700
"JURONG WEST",2016,270970,-2120
"JURONG WEST",2017,268190,-2780
"JURONG WEST",2018,267170,-1020
"JURONG WEST",2019,265450,-1720
"JURONG WEST",2020,263210,-2240
"JURONG WEST",2021,255700,-7510
"JURONG WEST",2022,258700,3000
"JURONG WEST",2023,260340,1640
"KALLANG",2001,90820,-1940
"KALLANG",2002,89560,-1260
"KALLANG",2003,87210,-2350
"KALLANG",2004,87210,0
"KALLANG",2005,88820,1610
"KALLANG",2006,90900,2080
"KALLANG",2007,92950,2050
"KALLANG",2008,95120,2170
"KALLANG",2009,98880,3760
"KALLANG",2010,99890,1010
"KALLANG",2011,102640,2750
"KALLANG",2012,103540,900
"KALLANG",2013,103270,-270
"KALLANG",2014,102890,-380
"KALLANG",2015,101710,-1180
"KALLANG",2016,100810,-900
"KALLANG",2017,102310,1500
"KALLANG",2018,102000,-310
"KALLANG",2019,102100,100
"KALLANG",2020,101880,-220
"KALLANG",2021,99000,-2880
"KALLANG",2022,101300,2300
"KALLANG",2023,101750,450
"LIM CHU KANG",2001,0,-130
"LIM CHU KANG",2002,0,0
"LIM CHU KANG",2003,0,0
"LIM CHU KANG",2004,0,0
"LIM CHU KANG",2005,0,0
"LIM CHU KANG",2006,0,0
"LIM CHU KANG",2007,0,0
"LIM CHU KANG",2008,0,0
"LIM CHU KANG",2009,0,0
"LIM CHU KANG",2010,0,0
"LIM CHU KANG",2011,0,0
"LIM CHU KANG",2012,0,0
"LIM CHU KANG",2013,0,0
"LIM CHU KANG",2014,0,0
"LIM CHU KANG",2015,0,0
"LIM CHU KANG",2016,0,0
"LIM CHU KANG",2017,0,0
"LIM CHU KANG",2018,0,0
"LIM CHU KANG",2019,0,0
"LIM CHU KANG",2020,0,0
"LIM CHU KANG",2021,0,0
"LIM CHU KANG",2022,0,0
"LIM CHU KANG",2023,0,0
"MANDAI",2001,1000,-30
"MANDAI",2002,1240,240
"MANDAI",2003,1460,220
"MANDAI",2004,1490,30
"MANDAI",2005,1520,30
"MANDAI",2006,1560,40
"MANDAI",2007,1480,-80
"MANDAI",2008,1510,30
"MANDAI",2009,1540,30
"MANDAI",2010,1860,320
"MANDAI",2011,2100,240
"MANDAI",2012,2180,80
"MANDAI",2013,2190,10
"MANDAI",2014,2150,-40
"MANDAI",2015,2190,40
"MANDAI",2016,2230,40
"MANDAI",2017,2250,20
"MANDAI",2018,2180,-70
"MANDAI",2019,2170,-10
"MANDAI",2020,2180,10
"MANDAI",2021,2170,-10
"MANDAI",2022,2170,0
"MANDAI",2023,2110,-60
"MARINA EAST",2001,0,0
"MARINA EAST",2002,0,0
"MARINA EAST",2003,0,0
"MARINA EAST",2004,0,0
"MARINA EAST",2005,0,0
"MARINA EAST",2006,0,0
"MARINA EAST",2007,0,0
"MARINA EAST",2008,0,0
"MARINA EAST",2009,0,0
"MARINA EAST",2010,0,0
"MARINA EAST",2011,0,0
"MARINA EAST",2012,0,0
"MARINA EAST",2013,0,0
"MARINA EAST",2014,0,0
"MARINA EAST",2015,0,0
"MARINA EAST",2016,0,0
"MARINA EAST",2017,0,0
"MARINA EAST",2018,0,0
"MARINA EAST",2019,0,0
"MARINA EAST",2020,0,0
"MARINA EAST",2021,0,0
"MARINA EAST",2022,0,0
"MARINA EAST",2023,0,0
"MARINA SOUTH",2001,0,0
"MARINA SOUTH",2002,0,0
"MARINA SOUTH",2003,0,0
"MARINA SOUTH",2004,0,0
"MARINA SOUTH",2005,0,0
"MARINA SOUTH",2006,0,0
"MARINA SOUTH",2007,0,0
"MARINA SOUTH",2008,0,0
"MARINA SOUTH",2009,0,0
"MARINA SOUTH",2010,0,0
"MARINA SOUTH",2011,0,0
"MARINA SOUTH",2012,0,0
"MARINA SOUTH",2013,0,0
"MARINA SOUTH",2014,0,0
"MARINA SOUTH",2015,0,0
"MARINA SOUTH",2016,0,0
"MARINA SOUTH",2017,0,0
"MARINA SOUTH",2018,0,0
"MARINA SOUTH",2019,0,0
"MARINA SOUTH",2020,0,0
"MARINA SOUTH",2021,0,0
"MARINA SOUTH",2022,0,0
"MARINA SOUTH",2023,0,0
"MARINE PARADE",2001,46030,-610
"MARINE PARADE",2002,45450,-580
"MARINE PARADE",2003,43480,-1970
"MARINE PARADE",2004,43250,-230
"MARINE PARADE",2005,44030,780
"MARINE PARADE",2006,44550,520
"MARINE PARADE",2007,45200,650
"MARINE PARADE",2008,45130,-70
"MARINE PARADE",2009,46610,1480
"MARINE PARADE",2010,47510,900
"MARINE PARADE",2011,48470,960
"MARINE PARADE",2012,48780,310
"MARINE PARADE",2013,49140,360
"MARINE PARADE",2014,49290,150
"MARINE PARADE",2015,48990,-300
"MARINE PARADE",2016,48550,-440
"MARINE PARADE",2017,48170,-380
"MARINE PARADE",2018,47410,-760
"MARINE PARADE",2019,46650,-760
"MARINE PARADE",2020,46440,-210
"MARINE PARADE",2021,44920,-1520
"MARINE PARADE",2022,46070,1150
"MARINE PARADE",2023,46940,870
"MUSEUM",2001,0,0
"MUSEUM",2002,0,0
"MUSEUM",2003,0,0
"MUSEUM",2004,0,0
"MUSEUM",2005,0,0
"MUSEUM",2006,0,0
"MUSEUM",2007,0,0
"MUSEUM",2008,10,10
"MUSEUM",2009,30,20
"MUSEUM",2010,50,20
"MUSEUM",2011,70,20
"MUSEUM",2012,120,50
"MUSEUM",2013,90,-30
"MUSEUM",2014,70,-20
"MUSEUM",2015,110,40
"MUSEUM",2016,120,10
"MUSEUM",2017,110,-10
"MUSEUM",2018,120,10
"MUSEUM",2019,160,40
"MUSEUM",2020,220,60
"MUSEUM",2021,270,50
"MUSEUM",2022,300,30
"MUSEUM",2023,520,220
"NEWTON",2001,6130,180
"NEWTON",2002,6520,390
"NEWTON",2003,6130,-390
"NEWTON",2004,6390,260
"NEWTON",2005,6770,380
"NEWTON",2006,6970,200
"NEWTON",2007,6670,-300
"NEWTON",2008,5790,-880
"NEWTON",2009,5950,160
"NEWTON",2010,6220,270
"NEWTON",2011,6230,10
"NEWTON",2012,6350,120
"NEWTON",2013,6450,100
"NEWTON",2014,6480,30
"NEWTON",2015,6770,290
"NEWTON",2016,7030,260
"NEWTON",2017,7220,190
"NEWTON",2018,7630,410
"NEWTON",2019,8070,440
"NEWTON",2020,8380,310
"NEWTON",2021,8230,-150
"NEWTON",2022,9080,850
"NEWTON",2023,9650,570
"NORTH-EASTERN ISLANDS",2001,0,0
"NORTH-EASTERN ISLANDS",2002,0,0
"NORTH-EASTERN ISLANDS",2003,0,0
"NORTH-EASTERN ISLANDS",2004,0,0
"NORTH-EASTERN ISLANDS",2005,0,0
"NORTH-EASTERN ISLANDS",2006,0,0
"NORTH-EASTERN ISLANDS",2007,0,0
"NORTH-EASTERN ISLANDS",2008,0,0
"NORTH-EASTERN ISLANDS",2009,0,0
"NORTH-EASTERN ISLANDS",2010,0,0
"NORTH-EASTERN ISLANDS",2011,0,0
"NORTH-EASTERN ISLANDS",2012,0,0
"NORTH-EASTERN ISLANDS",2013,0,0
"NORTH-EASTERN ISLANDS",2014,0,0
"NORTH-EASTERN ISLANDS",2015,0,0
"NORTH-EASTERN ISLANDS",2016,0,0
"NORTH-EASTERN ISLANDS",2017,0,0
"NORTH-EASTERN ISLANDS",2018,0,0
"NORTH-EASTERN ISLANDS",2019,0,0
"NORTH-EASTERN ISLANDS",2020,0,0
"NORTH-EASTERN ISLANDS",2021,0,0
"NORTH-EASTERN ISLANDS",2022,0,0
"NORTH-EASTERN ISLANDS",2023,0,0
"NOVENA",2001,42260,-810
"NOVENA",2002,41880,-380
"NOVENA",2003,40710,-1170
"NOVENA",2004,41140,430
"NOVENA",2005,43160,2020
"NOVENA",2006,44780,1620
"NOVENA",2007,45500,720
"NOVENA",2008,45260,-240
"NOVENA",2009,46330,1070
"NOVENA",2010,46910,580
"NOVENA",2011,47220,310
"NOVENA",2012,47260,40
"NOVENA",2013,48020,760
"NOVENA",2014,48050,30
"NOVENA",2015,48310,260
"NOVENA",2016,47920,-390
"NOVENA",2017,48710,790
"NOVENA",2018,49110,400
"NOVENA",2019,49560,450
"NOVENA",2020,49610,50
"NOVENA",2021,49130,-480
"NOVENA",2022,50850,1720
"NOVENA",2023,51760,910
"ORCHARD",2001,140,20
"ORCHARD",2002,160,20
"ORCHARD",2003,140,-20
"ORCHARD",2004,180,40
"ORCHARD",2005,140,-40
"ORCHARD",2006,160,20
"ORCHARD",2007,160,0
"ORCHARD",2008,170,10
"ORCHARD",2009,290,120
"ORCHARD",2010,300,10
"ORCHARD",2011,310,10
"ORCHARD",2012,380,70
"ORCHARD",2013,450,70
"ORCHARD",2014,460,10
"ORCHARD",2015,430,-30
"ORCHARD",2016,450,20
"ORCHARD",2017,520,70
"ORCHARD",2018,550,30
"ORCHARD",2019,450,-100
"ORCHARD",2020,450,0
"ORCHARD",2021,320,-130
"ORCHARD",2022,590,270
"ORCHARD",2023,730,140
"OUTRAM",2001,19840,-2620
"OUTRAM",2002,17760,-2080
"OUTRAM",2003,16410,-1350
"OUTRAM",2004,16060,-350
"OUTRAM",2005,15850,-210
"OUTRAM",2006,15980,130
"OUTRAM",2007,16980,1000
"OUTRAM",2008,17100,120
"OUTRAM",2009,17360,260
"OUTRAM",2010,19920,2560
"OUTRAM",2011,21760,1840
"OUTRAM",2012,22140,380
"OUTRAM",2013,22360,220
"OUTRAM",2014,22260,-100
"OUTRAM",2015,22080,-180
"OUTRAM",2016,21460,-620
"OUTRAM",2017,20860,-600
"OUTRAM",2018,20220,-640
"OUTRAM",2019,18920,-1300
"OUTRAM",2020,18380,-540
"OUTRAM",2021,17580,-800
"OUTRAM",2022,17420,-160
"OUTRAM",2023,17290,-130
"PASIR RIS",2001,120030,3050
"PASIR RIS",2002,121750,1720
"PASIR RIS",2003,121260,-490
"PASIR RIS",2004,121650,390
"PASIR RIS",2005,122950,1300
"PASIR RIS",2006,125280,2330
"PASIR RIS",2007,127870,2590
"PASIR RIS",2008,130290,2420
"PASIR RIS",2009,132300,2010
"PASIR RIS",2010,134100,1800
"PASIR RIS",2011,134030,-70
"PASIR RIS",2012,136180,2150
"PASIR RIS",2013,137150,970
"PASIR RIS",2014,137890,740
"PASIR RIS",2015,140290,2400
"PASIR RIS",2016,143290,3000
"PASIR RIS",2017,145230,1940
"PASIR RIS",2018,147250,2020
"PASIR RIS",2019,148490,1240
"PASIR RIS",2020,147320,-1170
"PASIR RIS",2021,145100,-2220
"PASIR RIS",2022,146410,1310
"PASIR RIS",2023,147520,1110
"PAYA LEBAR",2001,0,0
"PAYA LEBAR",2002,0,0
"PAYA LEBAR",2003,0,0
"PAYA LEBAR",2004,0,0
"PAYA LEBAR",2005,0,0
"PAYA LEBAR",2006,0,0
"PAYA LEBAR",2007,0,0
"PAYA LEBAR",2008,0,0
"PAYA LEBAR",2009,0,0
"PAYA LEBAR",2010,0,0
"PAYA LEBAR",2011,0,0
"PAYA LEBAR",2012,0,0
"PAYA LEBAR",2013,0,0
"PAYA LEBAR",2014,0,0
"PAYA LEBAR",2015,0,0
"PAYA LEBAR",2016,0,0
"PAYA LEBAR",2017,0,0
"PAYA LEBAR",2018,0,0
"PAYA LEBAR",2019,0,0
"PAYA LEBAR",2020,0,0
"PAYA LEBAR",2021,0,0
"PAYA LEBAR",2022,0,0
"PAYA LEBAR",2023,0,0
"PIONEER",2001,0,NA
"PIONEER",2002,0,0
"PIONEER",2003,0,0
"PIONEER",2004,0,0
"PIONEER",2005,0,0
"PIONEER",2006,0,0
"PIONEER",2007,0,0
"PIONEER",2008,0,0
"PIONEER",2009,0,0
"PIONEER",2010,0,0
"PIONEER",2011,0,0
"PIONEER",2012,0,0
"PIONEER",2013,0,0
"PIONEER",2014,0,0
"PIONEER",2015,0,0
"PIONEER",2016,0,0
"PIONEER",2017,0,0
"PIONEER",2018,0,0
"PIONEER",2019,0,0
"PIONEER",2020,0,0
"PIONEER",2021,0,0
"PIONEER",2022,0,0
"PIONEER",2023,0,0
"PUNGGOL",2001,440,410
"PUNGGOL",2002,12600,12160
"PUNGGOL",2003,24270,11670
"PUNGGOL",2004,36340,12070
"PUNGGOL",2005,42550,6210
"PUNGGOL",2006,46820,4270
"PUNGGOL",2007,51020,4200
"PUNGGOL",2008,54600,3580
"PUNGGOL",2009,56880,2280
"PUNGGOL",2010,59440,2560
"PUNGGOL",2011,64710,5270
"PUNGGOL",2012,74820,10110
"PUNGGOL",2013,88140,13320
"PUNGGOL",2014,98080,9940
"PUNGGOL",2015,109870,11790
"PUNGGOL",2016,130490,20620
"PUNGGOL",2017,146730,16240
"PUNGGOL",2018,161710,14980
"PUNGGOL",2019,170830,9120
"PUNGGOL",2020,174710,3880
"PUNGGOL",2021,176720,2010
"PUNGGOL",2022,186270,9550
"PUNGGOL",2023,195180,8910
"QUEENSTOWN",2001,95930,-2170
"QUEENSTOWN",2002,95110,-820
"QUEENSTOWN",2003,92630,-2480
"QUEENSTOWN",2004,92880,250
"QUEENSTOWN",2005,93060,180
"QUEENSTOWN",2006,93880,820
"QUEENSTOWN",2007,94940,1060
"QUEENSTOWN",2008,96010,1070
"QUEENSTOWN",2009,98470,2460
"QUEENSTOWN",2010,98470,0
"QUEENSTOWN",2011,97810,-660
"QUEENSTOWN",2012,97970,160
"QUEENSTOWN",2013,99240,1270
"QUEENSTOWN",2014,98840,-400
"QUEENSTOWN",2015,98170,-670
"QUEENSTOWN",2016,99450,1280
"QUEENSTOWN",2017,97930,-1520
"QUEENSTOWN",2018,97980,50
"QUEENSTOWN",2019,96360,-1620
"QUEENSTOWN",2020,96090,-270
"QUEENSTOWN",2021,93720,-2370
"QUEENSTOWN",2022,96970,3250
"QUEENSTOWN",2023,99890,2920
"RIVER VALLEY",2001,9520,0
"RIVER VALLEY",2002,9610,90
"RIVER VALLEY",2003,9020,-590
"RIVER VALLEY",2004,9180,160
"RIVER VALLEY",2005,9550,370
"RIVER VALLEY",2006,9740,190
"RIVER VALLEY",2007,9160,-580
"RIVER VALLEY",2008,8560,-600
"RIVER VALLEY",2009,8090,-470
"RIVER VALLEY",2010,8370,280
"RIVER VALLEY",2011,8430,60
"RIVER VALLEY",2012,8620,190
"RIVER VALLEY",2013,8900,280
"RIVER VALLEY",2014,9120,220
"RIVER VALLEY",2015,9240,120
"RIVER VALLEY",2016,9260,20
"RIVER VALLEY",2017,9730,470
"RIVER VALLEY",2018,9890,160
"RIVER VALLEY",2019,10280,390
"RIVER VALLEY",2020,10020,-260
"RIVER VALLEY",2021,10110,90
"RIVER VALLEY",2022,11290,1180
"RIVER VALLEY",2023,12020,730
"ROCHOR",2001,17540,-290
"ROCHOR",2002,17180,-360
"ROCHOR",2003,14960,-2220
"ROCHOR",2004,14730,-230
"ROCHOR",2005,14910,180
"ROCHOR",2006,15300,390
"ROCHOR",2007,15500,200
"ROCHOR",2008,15680,180
"ROCHOR",2009,16010,330
"ROCHOR",2010,15630,-380
"ROCHOR",2011,15460,-170
"ROCHOR",2012,15300,-160
"ROCHOR",2013,15080,-220
"ROCHOR",2014,14840,-240
"ROCHOR",2015,14660,-180
"ROCHOR",2016,14350,-310
"ROCHOR",2017,13970,-380
"ROCHOR",2018,13440,-530
"ROCHOR",2019,13490,50
"ROCHOR",2020,13350,-140
"ROCHOR",2021,12660,-690
"ROCHOR",2022,12810,150
"ROCHOR",2023,13080,270
"SELETAR",2001,320,-10
"SELETAR",2002,320,0
"SELETAR",2003,290,-30
"SELETAR",2004,310,20
"SELETAR",2005,380,70
"SELETAR",2006,390,10
"SELETAR",2007,390,0
"SELETAR",2008,420,30
"SELETAR",2009,170,-250
"SELETAR",2010,160,-10
"SELETAR",2011,130,-30
"SELETAR",2012,110,-20
"SELETAR",2013,80,-30
"SELETAR",2014,130,50
"SELETAR",2015,70,-60
"SELETAR",2016,60,-10
"SELETAR",2017,50,-10
"SELETAR",2018,80,30
"SELETAR",2019,100,20
"SELETAR",2020,130,30
"SELETAR",2021,160,30
"SELETAR",2022,120,-40
"SELETAR",2023,160,40
"SEMBAWANG",2001,44860,13180
"SEMBAWANG",2002,50640,5780
"SEMBAWANG",2003,54310,3670
"SEMBAWANG",2004,57850,3540
"SEMBAWANG",2005,60850,3000
"SEMBAWANG",2006,63370,2520
"SEMBAWANG",2007,65520,2150
"SEMBAWANG",2008,67720,2200
"SEMBAWANG",2009,70180,2460
"SEMBAWANG",2010,72840,2660
"SEMBAWANG",2011,73450,610
"SEMBAWANG",2012,73530,80
"SEMBAWANG",2013,73820,290
"SEMBAWANG",2014,75870,2050
"SEMBAWANG",2015,76670,800
"SEMBAWANG",2016,77800,1130
"SEMBAWANG",2017,80100,2300
"SEMBAWANG",2018,87740,7640
"SEMBAWANG",2019,96340,8600
"SEMBAWANG",2020,103100,6760
"SEMBAWANG",2021,105240,2140
"SEMBAWANG",2022,108650,3410
"SEMBAWANG",2023,109640,990
"SENGKANG",2001,87710,26350
"SENGKANG",2002,102780,15070
"SENGKANG",2003,113360,10580
"SENGKANG",2004,122570,9210
"SENGKANG",2005,130740,8170
"SENGKANG",2006,138710,7970
"SENGKANG",2007,145070,6360
"SENGKANG",2008,153660,8590
"SENGKANG",2009,161600,7940
"SENGKANG",2010,167570,5970
"SENGKANG",2011,171630,4060
"SENGKANG",2012,178150,6520
"SENGKANG",2013,183410,5260
"SENGKANG",2014,192290,8880
"SENGKANG",2015,207330,15040
"SENGKANG",2016,219970,12640
"SENGKANG",2017,232630,12660
"SENGKANG",2018,241100,8470
"SENGKANG",2019,245280,4180
"SENGKANG",2020,249710,4430
"SENGKANG",2021,249080,-630
"SENGKANG",2022,253250,4170
"SENGKANG",2023,258360,5110
"SERANGOON",2001,121480,-1410
"SERANGOON",2002,121360,-120
"SERANGOON",2003,118270,-3090
"SERANGOON",2004,118650,380
"SERANGOON",2005,120420,1770
"SERANGOON",2006,121580,1160
"SERANGOON",2007,122500,920
"SERANGOON",2008,123090,590
"SERANGOON",2009,125030,1940
"SERANGOON",2010,125230,200
"SERANGOON",2011,124190,-1040
"SERANGOON",2012,123710,-480
"SERANGOON",2013,123310,-400
"SERANGOON",2014,122700,-610
"SERANGOON",2015,121180,-1520
"SERANGOON",2016,120350,-830
"SERANGOON",2017,119610,-740
"SERANGOON",2018,117740,-1870
"SERANGOON",2019,116920,-820
"SERANGOON",2020,117400,480
"SERANGOON",2021,115740,-1660
"SERANGOON",2022,118400,2660
"SERANGOON",2023,119140,740
"SIMPANG",2001,0,0
"SIMPANG",2002,0,0
"SIMPANG",2003,0,0
"SIMPANG",2004,0,0
"SIMPANG",2005,0,0
"SIMPANG",2006,0,0
"SIMPANG",2007,0,0
"SIMPANG",2008,0,0
"SIMPANG",2009,0,0
"SIMPANG",2010,0,0
"SIMPANG",2011,0,0
"SIMPANG",2012,0,0
"SIMPANG",2013,0,0
"SIMPANG",2014,0,0
"SIMPANG",2015,0,0
"SIMPANG",2016,0,0
"SIMPANG",2017,0,0
"SIMPANG",2018,0,0
"SIMPANG",2019,0,0
"SIMPANG",2020,0,0
"SIMPANG",2021,0,0
"SIMPANG",2022,0,0
"SIMPANG",2023,0,0
"SINGAPORE RIVER",2001,720,230
"SINGAPORE RIVER",2002,730,10
"SINGAPORE RIVER",2003,600,-130
"SINGAPORE RIVER",2004,740,140
"SINGAPORE RIVER",2005,990,250
"SINGAPORE RIVER",2006,1020,30
"SINGAPORE RIVER",2007,1100,80
"SINGAPORE RIVER",2008,1140,40
"SINGAPORE RIVER",2009,1430,290
"SINGAPORE RIVER",2010,1820,390
"SINGAPORE RIVER",2011,1920,100
"SINGAPORE RIVER",2012,2090,170
"SINGAPORE RIVER",2013,2360,270
"SINGAPORE RIVER",2014,2420,60
"SINGAPORE RIVER",2015,2510,90
"SINGAPORE RIVER",2016,2550,40
"SINGAPORE RIVER",2017,2650,100
"SINGAPORE RIVER",2018,2770,120
"SINGAPORE RIVER",2019,2870,100
"SINGAPORE RIVER",2020,3110,240
"SINGAPORE RIVER",2021,3240,130
"SINGAPORE RIVER",2022,3510,270
"SINGAPORE RIVER",2023,3740,230
"SOUTHERN ISLANDS",2001,0,0
"SOUTHERN ISLANDS",2002,0,0
"SOUTHERN ISLANDS",2003,0,0
"SOUTHERN ISLANDS",2004,0,0
"SOUTHERN ISLANDS",2005,0,0
"SOUTHERN ISLANDS",2006,0,0
"SOUTHERN ISLANDS",2007,0,0
"SOUTHERN ISLANDS",2008,80,80
"SOUTHERN ISLANDS",2009,260,180
"SOUTHERN ISLANDS",2010,580,320
"SOUTHERN ISLANDS",2011,850,270
"SOUTHERN ISLANDS",2012,1040,190
"SOUTHERN ISLANDS",2013,1410,370
"SOUTHERN ISLANDS",2014,1450,40
"SOUTHERN ISLANDS",2015,1530,80
"SOUTHERN ISLANDS",2016,1660,130
"SOUTHERN ISLANDS",2017,1730,70
"SOUTHERN ISLANDS",2018,1800,70
"SOUTHERN ISLANDS",2019,1830,30
"SOUTHERN ISLANDS",2020,2040,210
"SOUTHERN ISLANDS",2021,2010,-30
"SOUTHERN ISLANDS",2022,2240,230
"SOUTHERN ISLANDS",2023,2390,150
"STRAITS VIEW",2001,0,0
"STRAITS VIEW",2002,0,0
"STRAITS VIEW",2003,0,0
"STRAITS VIEW",2004,0,0
"STRAITS VIEW",2005,0,0
"STRAITS VIEW",2006,0,0
"STRAITS VIEW",2007,0,0
"STRAITS VIEW",2008,0,0
"STRAITS VIEW",2009,0,0
"STRAITS VIEW",2010,0,0
"STRAITS VIEW",2011,0,0
"STRAITS VIEW",2012,0,0
"STRAITS VIEW",2013,0,0
"STRAITS VIEW",2014,0,0
"STRAITS VIEW",2015,0,0
"STRAITS VIEW",2016,0,0
"STRAITS VIEW",2017,0,0
"STRAITS VIEW",2018,0,0
"STRAITS VIEW",2019,0,0
"STRAITS VIEW",2020,0,0
"STRAITS VIEW",2021,0,0
"STRAITS VIEW",2022,0,0
"STRAITS VIEW",2023,0,0
"SUNGEI KADUT",2001,700,-60
"SUNGEI KADUT",2002,760,60
"SUNGEI KADUT",2003,700,-60
"SUNGEI KADUT",2004,610,-90
"SUNGEI KADUT",2005,610,0
"SUNGEI KADUT",2006,600,-10
"SUNGEI KADUT",2007,600,0
"SUNGEI KADUT",2008,540,-60
"SUNGEI KADUT",2009,640,100
"SUNGEI KADUT",2010,640,0
"SUNGEI KADUT",2011,610,-30
"SUNGEI KADUT",2012,650,40
"SUNGEI KADUT",2013,610,-40
"SUNGEI KADUT",2014,580,-30
"SUNGEI KADUT",2015,610,30
"SUNGEI KADUT",2016,610,0
"SUNGEI KADUT",2017,530,-80
"SUNGEI KADUT",2018,560,30
"SUNGEI KADUT",2019,600,40
"SUNGEI KADUT",2020,530,-70
"SUNGEI KADUT",2021,550,20
"SUNGEI KADUT",2022,580,30
"SUNGEI KADUT",2023,550,-30
"TAMPINES",2001,252660,-780
"TAMPINES",2002,252810,150
"TAMPINES",2003,249670,-3140
"TAMPINES",2004,249810,140
"TAMPINES",2005,251140,1330
"TAMPINES",2006,252850,1710
"TAMPINES",2007,254460,1610
"TAMPINES",2008,256990,2530
"TAMPINES",2009,261780,4790
"TAMPINES",2010,261960,180
"TAMPINES",2011,261150,-810
"TAMPINES",2012,260320,-830
"TAMPINES",2013,259770,-550
"TAMPINES",2014,259170,-600
"TAMPINES",2015,261580,2410
"TAMPINES",2016,259470,-2110
"TAMPINES",2017,258710,-760
"TAMPINES",2018,257450,-1260
"TAMPINES",2019,257150,-300
"TAMPINES",2020,260520,3370
"TAMPINES",2021,258460,-2060
"TAMPINES",2022,265850,7390
"TAMPINES",2023,274770,8920
"TANGLIN",2001,14840,890
"TANGLIN",2002,15450,610
"TANGLIN",2003,14910,-540
"TANGLIN",2004,15500,590
"TANGLIN",2005,16340,840
"TANGLIN",2006,16880,540
"TANGLIN",2007,17110,230
"TANGLIN",2008,16590,-520
"TANGLIN",2009,17020,430
"TANGLIN",2010,17620,600
"TANGLIN",2011,17900,280
"TANGLIN",2012,18110,210
"TANGLIN",2013,18420,310
"TANGLIN",2014,18710,290
"TANGLIN",2015,19260,550
"TANGLIN",2016,19970,710
"TANGLIN",2017,20600,630
"TANGLIN",2018,21320,720
"TANGLIN",2019,21830,510
"TANGLIN",2020,22100,270
"TANGLIN",2021,21760,-340
"TANGLIN",2022,23270,1510
"TANGLIN",2023,24200,930
"TENGAH",2001,0,0
"TENGAH",2002,0,0
"TENGAH",2003,0,0
"TENGAH",2004,0,0
"TENGAH",2005,0,0
"TENGAH",2006,0,0
"TENGAH",2007,0,0
"TENGAH",2008,0,0
"TENGAH",2009,0,0
"TENGAH",2010,0,0
"TENGAH",2011,0,0
"TENGAH",2012,0,0
"TENGAH",2013,0,0
"TENGAH",2014,0,0
"TENGAH",2015,0,0
"TENGAH",2016,0,0
"TENGAH",2017,0,0
"TENGAH",2018,0,0
"TENGAH",2019,0,0
"TENGAH",2020,0,0
"TENGAH",2021,0,0
"TENGAH",2022,0,0
"TENGAH",2023,0,0
"TOA PAYOH",2001,120120,-1980
"TOA PAYOH",2002,118630,-1490
"TOA PAYOH",2003,115300,-3330
"TOA PAYOH",2004,115660,360
"TOA PAYOH",2005,115490,-170
"TOA PAYOH",2006,115930,440
"TOA PAYOH",2007,117220,1290
"TOA PAYOH",2008,119840,2620
"TOA PAYOH",2009,123810,3970
"TOA PAYOH",2010,125600,1790
"TOA PAYOH",2011,126400,800
"TOA PAYOH",2012,127030,630
"TOA PAYOH",2013,128440,1410
"TOA PAYOH",2014,127540,-900
"TOA PAYOH",2015,125960,-1580
"TOA PAYOH",2016,123840,-2120
"TOA PAYOH",2017,122650,-1190
"TOA PAYOH",2018,121460,-1190
"TOA PAYOH",2019,121610,150
"TOA PAYOH",2020,122640,1030
"TOA PAYOH",2021,123670,1030
"TOA PAYOH",2022,129250,5580
"TOA PAYOH",2023,135580,6330
"TUAS",2001,0,0
"TUAS",2002,0,0
"TUAS",2003,0,0
"TUAS",2004,0,0
"TUAS",2005,0,0
"TUAS",2006,0,0
"TUAS",2007,0,0
"TUAS",2008,0,0
"TUAS",2009,0,0
"TUAS",2010,0,0
"TUAS",2011,0,0
"TUAS",2012,0,0
"TUAS",2013,0,0
"TUAS",2014,0,0
"TUAS",2015,0,0
"TUAS",2016,0,0
"TUAS",2017,0,0
"TUAS",2018,0,0
"TUAS",2019,0,0
"TUAS",2020,0,0
"TUAS",2021,0,0
"TUAS",2022,0,0
"TUAS",2023,0,0
"WESTERN ISLANDS",2001,0,0
"WESTERN ISLANDS",2002,0,0
"WESTERN ISLANDS",2003,0,0
"WESTERN ISLANDS",2004,0,0
"WESTERN ISLANDS",2005,0,0
"WESTERN ISLANDS",2006,0,0
"WESTERN ISLANDS",2007,0,0
"WESTERN ISLANDS",2008,0,0
"WESTERN ISLANDS",2009,0,0
"WESTERN ISLANDS",2010,0,0
"WESTERN ISLANDS",2011,0,0
"WESTERN ISLANDS",2012,0,0
"WESTERN ISLANDS",2013,0,0
"WESTERN ISLANDS",2014,0,0
"WESTERN ISLANDS",2015,0,0
"WESTERN ISLANDS",2016,0,0
"WESTERN ISLANDS",2017,0,0
"WESTERN ISLANDS",2018,0,0
"WESTERN ISLANDS",2019,0,0
"WESTERN ISLANDS",2020,0,0
"WESTERN ISLANDS",2021,0,0
"WESTERN ISLANDS",2022,0,0
"WESTERN ISLANDS",2023,0,0
"WESTERN WATER CATCHMENT",2001,410,110
"WESTERN WATER CATCHMENT",2002,580,170
"WESTERN WATER CATCHMENT",2003,560,-20
"WESTERN WATER CATCHMENT",2004,640,80
"WESTERN WATER CATCHMENT",2005,740,100
"WESTERN WATER CATCHMENT",2006,840,100
"WESTERN WATER CATCHMENT",2007,850,10
"WESTERN WATER CATCHMENT",2008,980,130
"WESTERN WATER CATCHMENT",2009,980,0
"WESTERN WATER CATCHMENT",2010,1050,70
"WESTERN WATER CATCHMENT",2011,1020,-30
"WESTERN WATER CATCHMENT",2012,1050,30
"WESTERN WATER CATCHMENT",2013,980,-70
"WESTERN WATER CATCHMENT",2014,950,-30
"WESTERN WATER CATCHMENT",2015,910,-40
"WESTERN WATER CATCHMENT",2016,780,-130
"WESTERN WATER CATCHMENT",2017,640,-140
"WESTERN WATER CATCHMENT",2018,670,30
"WESTERN WATER CATCHMENT",2019,670,0
"WESTERN WATER CATCHMENT",2020,650,-20
"WESTERN WATER CATCHMENT",2021,540,-110
"WESTERN WATER CATCHMENT",2022,560,20
"WESTERN WATER CATCHMENT",2023,520,-40
"WOODLANDS",2001,199670,10500
"WOODLANDS",2002,208830,9160
"WOODLANDS",2003,212960,4130
"WOODLANDS",2004,217800,4840
"WOODLANDS",2005,222240,4440
"WOODLANDS",2006,225730,3490
"WOODLANDS",2007,229620,3890
"WOODLANDS",2008,235000,5380
"WOODLANDS",2009,243340,8340
"WOODLANDS",2010,245500,2160
"WOODLANDS",2011,247850,2350
"WOODLANDS",2012,248370,520
"WOODLANDS",2013,250140,1770
"WOODLANDS",2014,250610,470
"WOODLANDS",2015,250690,80
"WOODLANDS",2016,250080,-610
"WOODLANDS",2017,250630,550
"WOODLANDS",2018,252960,2330
"WOODLANDS",2019,255090,2130
"WOODLANDS",2020,255650,560
"WOODLANDS",2021,249320,-6330
"WOODLANDS",2022,252570,3250
"WOODLANDS",2023,255790,3220
"YISHUN",2001,174910,-2670
"YISHUN",2002,175410,500
"YISHUN",2003,173080,-2330
"YISHUN",2004,173720,640
"YISHUN",2005,175230,1510
"YISHUN",2006,175800,570
"YISHUN",2007,178250,2450
"YISHUN",2008,181060,2810
"YISHUN",2009,185000,3940
"YISHUN",2010,185810,810
"YISHUN",2011,186100,290
"YISHUN",2012,187830,1730
"YISHUN",2013,188790,960
"YISHUN",2014,193420,4630
"YISHUN",2015,202730,9310
"YISHUN",2016,206550,3820
"YISHUN",2017,211150,4600
"YISHUN",2018,215660,4510
"YISHUN",2019,220990,5330
"YISHUN",2020,222590,1600
"YISHUN",2021,220000,-2590
"YISHUN",2022,223340,3340
"YISHUN",2023,229690,6350
